管理番号,品名,メーカ,分類,ステータス,保管場所,仕入れ日,数量（ストック量または取引数量）,コメント,仕入れ価格,仕入れ価格/税区分,販売価格,販売価格/税区分,担当,用途,ログ日時
4178522,896541,aaab8514,ああ,iujyh32,,2020-09-30,14,,1658,無,48725,外,demo,在庫管理データ削除処理,"2020-09-15 18:24:00"
4178522,896541,aaab8514,ああ,iujyh32,1482,2020-09-30,14,"value=""geggege""",1658,無,48725,外,demo,在庫管理修正処理,"2020-09-15 18:24:00"
156454688745,demo9856,12345,純正ホイル,新品,府内13-3外屋根下,2020-09-03,5,"aaaa
aaaa",0.1,内,0.07,外,demo,在庫管理修正処理,"2020-09-15 16:35:00"
156454688745,demo9856,12345,純正ホイル,新品,府内13-3外屋根下,2020-09-03,5,"aaaa
aaaa",0.1,内,0.07,外,demo,在庫管理修正処理,"2020-09-15 16:23:00"
18851852,654,,純正エアロ,中古,府内13-3外屋根下,2020-10-06,3,aaaaa,0.05,内,0.05,内,demo,在庫管理修正処理,"2020-09-15 16:14:00"
18851852,654,aaab8514,純正エアロ,中古,府内13-3外屋根下,2020-10-06,3,aaaaa,0.05,内,0.05,内,demo,新規登録,"2020-09-15 14:47:00"
156454688745,demo9856,aaab85,純正ホイル,新品,府内13-3外屋根下,2020-09-03,5,"aaaa
aaaa",0.1,内,0.07,外,demo,新規登録,"2020-09-15 13:52:00"
15645468,中古　テスト/test,7；おｌ,オイルエレメント,新品,府内13-3店舗小部屋,2020-09-25,3,"aaaa
aaaa",0.04,内,0.04,内,demo,新規登録,"2020-09-15 13:49:00"
15645468985,中古　テスト/test,aaab8514,外品ホイル,新品,府内13-3外屋根下,2020-09-22,2,,0.04,無,0.04,無,demo,在庫管理修正処理,"2020-09-15 13:36:00"
15645468985,中古　テスト/test,aaab8514,外品ホイル,新品,府内13-3外屋根下,2020-09-22,2,,0.04,無,0.04,無,demo,新規登録,"2020-09-15 13:10:00"
ploik,654,あくぇ14526,足回り,新品,府内13-3外屋根下,2020-09-15,3,,0.04,無,0.04,無,demo,新規登録,"2020-09-15 12:48:00"
,中古　テスト/test,"Electric Machinery",1596,新品,入庫待ち,2020-09-09,2,"aaaa
aaaa",1584,無,8954,無,demo,新規登録,"2020-09-15 03:36:00"
,demodemo,"Electric Machinery",891452,新品,府内13-3　2F倉庫,2020-09-09,2,"aaa
aaa",8546,無,197,無,demo,新規登録,"2020-09-15 03:32:00"
,中古　テスト/test,"Electric Machinery",bdge,新品,府内13-3外屋根下,2020-09-24,4,,150,無,1686,無,demo,新規登録,"2020-09-15 03:31:00"
AT0002,"レオニスLV 20インチ-8.5J IN52",WEDS,外品ホイル,中古,,2020-09-22,1,,46000,無,68000,無,demo,在庫管理データ削除処理,"2020-09-15 01:01:00"
AT0002,"レオニスLV 20インチ-8.5J IN52",WEDS,外品ホイル,中古,,2020-09-22,1,,46000,無,68000,無,demo,在庫管理データ削除処理,"2020-09-15 00:58:00"
AT0002,"レオニスLV 20インチ-8.5J IN52",WEDS,外品ホイル,中古,,2020-09-22,1,,46000,無,68000,無,demo,在庫管理データ削除処理,"2020-09-15 00:57:00"
AT0002,"レオニスLV 20インチ-8.5J IN52",WEDS,外品ホイル,出荷,入庫待ち,2020-09-22,1,未走行　中古品　4本セット,46000,無,68000,無,demo,,"2020-09-15 00:57:00"
AT0002,"レオニスLV 20インチ-8.5J IN52",WEDS,外品ホイル,入荷,入庫待ち,2020-09-22,1,未走行　中古品　4本セット,46000,無,68000,無,demo,,"2020-09-15 00:56:00"
AT0002,"レオニスLV 20インチ-8.5J IN52",WEDS,外品ホイル,中古,入庫待ち,2020-09-22,1,未走行　中古品　4本セット,46000,無,68000,無,demo,在庫管理修正処理,"2020-09-15 00:55:00"
154,8841,LEXUS,純正ホイル,新品,府内13-3店舗小部屋,2020-09-14,2,,0.04,無,0.03,無,demo,新規登録,"2020-09-15 00:00:00"
ｇ,ｇｇ,Mazda,純正ホイル,入荷,府内13-3店舗小部屋,2020-01-01,1,,0,無,0,無,demo,,"2020-09-14 23:35:00"
ｇ,ｇｇ,Mazda,純正ホイル,新品,府内13-3店舗小部屋,2020-01-01,2,,0,無,0,無,demo,新規登録,"2020-09-14 23:34:00"
1254154,654,"Electric Machinery",外品ホイル,新品,ラビット事務所,2020-01-01,2,,148,無,14785,無,demo,新規登録,"2020-09-14 23:32:00"
OL0011,PX-1502,パシフィック工業?,オイルエレメント,入荷,府内13-3店舗小部屋,2020-09-14,1,"純正番号90915-20001
9015-20003
Ｆｏｒﾄﾖﾀ",0,無,0,無,demo,,"2020-09-14 23:14:00"
15645468,ああa,GSYUASA,純正ホイル,新品,府内13-3外屋根下,2020-09-30,5,ああｗ,0.04,無,0.09,無,demo,新規登録,"2020-09-14 23:01:00"
25846,ああa,GSYUASA,純正エアロ,新品,府内13-3事務所内,2020-09-04,3,,0.03,無,0.03,無,demo,新規登録,"2020-09-14 22:59:00"
1854,654,Mazda,オイルエレメント,新品,ラビットガレージ,2020-09-17,2,,0.02,無,0.02,無,demo,新規登録,"2020-09-14 22:56:00"
1854,654,Mazda,オイルエレメント,新品,ラビットガレージ,2020-09-17,2,,0.02,無,0.02,無,demo,新規登録,"2020-09-14 22:56:00"
1885,中古　テスト/test,Mazda,足回り,新品,府内13-3外屋根下,2020-09-11,3,,0.03,無,0.03,無,demo,新規登録,"2020-09-14 22:45:00"
1885,中古　テスト/test,Mazda,足回り,新品,府内13-3外屋根下,2020-09-11,3,,0.03,無,0.03,無,demo,新規登録,"2020-09-14 22:45:00"
1854,demo,GSYUASA,純正ホイル,新品,府内13-3外屋根下,2020-09-23,2,,145,無,178,無,demo,新規登録,"2020-09-14 22:41:00"
1854,demo,GSYUASA,純正ホイル,新品,府内13-3外屋根下,2020-09-23,2,,145,無,178,無,demo,新規登録,"2020-09-14 22:41:00"
1254,654,GSYUASA,純正エアロ,新品,府内13-3外屋根下,2020-09-10,2,,156,無,187,無,demo,新規登録,"2020-09-14 22:39:00"
1254,654,GSYUASA,純正エアロ,新品,府内13-3外屋根下,2020-09-10,2,,156,無,187,無,demo,新規登録,"2020-09-14 22:39:00"
1255,中古　テスト/test,GSYUASA,純正ホイル,新品,府内13-3店舗小部屋,2020-09-29,2,,150,無,185,無,demo,新規登録,"2020-09-14 22:22:00"
1255,中古　テスト/test,GSYUASA,純正ホイル,新品,府内13-3店舗小部屋,2020-09-29,2,,150,無,185,無,demo,新規登録,"2020-09-14 22:22:00"
BA1005,S55D23R,LEXUS,バッテリー,中古,府内13-3店舗小部屋,2020-09-14,1,,0,無,0,無,demo,新規登録,"2020-09-14 17:13:00"
BA1005,S55D23R,LEXUS,バッテリー,中古,,2020-09-14,1,,0,無,0,無,demo,在庫管理データ削除処理,"2020-09-14 17:12:00"
BA1005,S55D23R,LEXUS,バッテリー,中古,府内13-3店舗小部屋,2020-09-14,1,,0,無,0,無,demo,在庫管理修正処理,"2020-09-14 17:12:00"
BA1005,S55D23R,LEXUS,バッテリー,中古,府内13-3店舗小部屋,2020-09-14,1,,0,無,0,無,demo,在庫管理修正処理,"2020-09-14 17:11:00"
BA1013,S34B20R,GSYUASA,バッテリー,中古,府内13-3店舗小部屋,2020-09-14,1,,0,無,0,無,demo,在庫管理修正処理,"2020-09-14 17:10:00"
BA1012,55B20R,ecoR,バッテリー,中古,府内13-3店舗小部屋,2020-09-14,1,,0,無,0,無,demo,在庫管理修正処理,"2020-09-14 17:10:00"
BA1011,40B19L,日立,バッテリー,中古,,2020-09-14,2,,0,無,0,無,demo,在庫管理修正処理,"2020-09-14 17:09:00"
BA1010,K-42R,FB,バッテリー,中古,府内13-3店舗小部屋,2020-09-14,1,,0,無,0,無,demo,在庫管理修正処理,"2020-09-14 17:08:00"
BA1009,44B19L,DAIHATSU,バッテリー,中古,府内13-3店舗小部屋,2020-09-14,1,,0,無,0,無,demo,在庫管理修正処理,"2020-09-14 17:06:00"
BA1013,S34B20R,GSYUASA,バッテリー,中古,府内13-3店舗小部屋,2020-09-14,1,,0,無,0,無,demo,新規登録,"2020-09-14 17:04:00"
BA1012,55B20R,ecoR,バッテリー,中古,府内13-3店舗小部屋,2020-09-14,1,,0,無,0,無,demo,新規登録,"2020-09-14 17:04:00"
BA1010,K-42R,FB,バッテリー,中古,府内13-3店舗小部屋,2020-09-14,1,,0,無,0,無,demo,新規登録,"2020-09-14 17:03:00"
BA1009,44B19L,DAIHATSU,バッテリー,中古,府内13-3店舗小部屋,2020-09-14,1,,0,無,0,無,demo,新規登録,"2020-09-14 17:00:00"
BA1003,S55D23R,ATLAS,バッテリー,中古,府内13-3店舗小部屋,2020-09-14,1,,0,無,0,無,demo,在庫管理修正処理,"2020-09-14 16:57:00"
BA1008,38B19L,Panasonic,バッテリー,中古,府内13-3店舗小部屋,2020-09-14,1,,0,無,0,無,demo,在庫管理修正処理,"2020-09-14 16:57:00"
BA1007,60B24R,Panasonic,バッテリー,中古,府内13-3店舗小部屋,2020-09-14,1,,0,無,0,無,demo,在庫管理修正処理,"2020-09-14 16:56:00"
BA1006,S34B20,ACDelco,バッテリー,中古,府内13-3店舗小部屋,2020-09-14,1,,0,無,0,無,demo,在庫管理修正処理,"2020-09-14 16:56:00"
BA1008,38B19L,Panasonic,バッテリー,中古,府内13-3店舗小部屋,2020-09-14,1,,0,無,0,無,demo,新規登録,"2020-09-14 16:54:00"
BA1007,60B24R,Panasonic,バッテリー,中古,府内13-3店舗小部屋,2020-09-14,1,,0,無,0,無,demo,新規登録,"2020-09-14 16:54:00"
BA1006,S34B20,ACDelco,バッテリー,中古,府内13-3店舗小部屋,2020-09-14,1,,0,無,0,無,demo,新規登録,"2020-09-14 16:53:00"
BA1005,S55D23R,LEXUS,バッテリー,中古,府内13-3店舗小部屋,2020-09-14,1,,0,無,0,無,demo,新規登録,"2020-09-14 16:52:00"
BA1004,NX75B24R,,バッテリー,中古,府内13-3店舗小部屋,2020-09-14,1,,0,無,0,無,demo,在庫管理修正処理,"2020-09-14 16:49:00"
BA1004,NX75B24R,,バッテリー,中古,府内13-3店舗小部屋,2020-09-14,1,,0,無,0,無,demo,在庫管理修正処理,"2020-09-14 16:49:00"
BA1003,S55D23R,ATLAS,バッテリー,中古,府内13-3店舗小部屋,2020-09-14,1,,0,無,0,無,demo,在庫管理修正処理,"2020-09-14 16:49:00"
BA1002,40B19L　SB,Panasonic,バッテリー,中古,府内13-3店舗小部屋,2020-09-14,2,,0,無,0,無,demo,在庫管理修正処理,"2020-09-14 16:48:00"
BA1001,40B19L　PK,Panasonic,バッテリー,中古,府内13-3店舗小部屋,2020-09-14,2,,0,無,0,無,demo,在庫管理修正処理,"2020-09-14 16:47:00"
BA1001,40B19L　PK,Panasonic,バッテリー,中古,府内13-3店舗小部屋,2020-09-14,2,,0,無,0,無,demo,在庫管理修正処理,"2020-09-14 16:47:00"
BA1003,S55D23R,ATLAS,バッテリー,中古,府内13-3店舗小部屋,2020-09-14,1,,0,無,0,無,demo,新規登録,"2020-09-14 16:43:00"
BA1002,40B19L　SB,Panasonic,バッテリー,中古,府内13-3店舗小部屋,2020-09-14,2,,0,無,0,無,demo,新規登録,"2020-09-14 16:42:00"
BA1001,40B19L　PK,Panasonic,バッテリー,中古,府内13-3店舗小部屋,2020-09-14,2,,0,無,0,無,demo,新規登録,"2020-09-14 16:41:00"
BA0007,115D23L,VARTA,バッテリー,新品,府内13-3店舗小部屋,2020-09-14,1,,0,無,0,無,demo,在庫管理修正処理,"2020-09-14 16:37:00"
BA0006,MT9B,MF,バッテリー,新品,府内13-3店舗小部屋,2020-09-14,2,,0,無,0,無,demo,在庫管理修正処理,"2020-09-14 16:37:00"
BA0005,40B19R,DAIHATSU,バッテリー,新品,府内13-3店舗小部屋,2020-09-14,1,,0,無,0,無,demo,在庫管理修正処理,"2020-09-14 16:36:00"
BA00004,PSIN,BOSCH,バッテリー,新品,府内13-3店舗小部屋,2020-09-14,1,,0,無,0,無,demo,在庫管理修正処理,"2020-09-14 16:36:00"
BA0007,115D23L,VARTA,バッテリー,新品,府内13-3店舗小部屋,2020-09-14,1,,0,無,0,無,demo,新規登録,"2020-09-14 16:34:00"
BA0006,MT9B,MF,バッテリー,新品,府内13-3店舗小部屋,2020-09-14,2,,0,無,0,無,demo,新規登録,"2020-09-14 16:33:00"
BA0005,40B19R,DAIHATSU,バッテリー,新品,府内13-3店舗小部屋,2020-09-14,1,,0,無,0,無,demo,新規登録,"2020-09-14 16:32:00"
BA00004,PSIN,BOSCH,バッテリー,新品,府内13-3店舗小部屋,2020-09-14,1,,0,無,0,無,demo,新規登録,"2020-09-14 16:30:00"
BA0003,M-42R,DAIHATSU,バッテリー,新品,府内13-3店舗小部屋,2020-09-14,4,,0,無,0,無,demo,新規登録,"2020-09-14 16:28:00"
BA0002,N-N-65,Panasonic,バッテリー,新品,府内13-3店舗小部屋,2020-09-14,1,,0,無,0,無,demo,新規登録,"2020-09-14 16:27:00"
BA0001,N-M42,DAIHATSU,バッテリー,新品,府内13-3店舗小部屋,2020-09-14,5,,0,無,0,無,demo,在庫管理修正処理,"2020-09-14 16:26:00"
BA0001,N-M42,DAIHATSU,バッテリー,中古,府内13-3店舗小部屋,2020-09-14,5,,0,無,0,無,demo,新規登録,"2020-09-14 16:26:00"
OL0011,PX-1502,パシフィック工業?,オイルエレメント,新品,府内13-3店舗小部屋,2020-09-14,1,"純正番号90915-20001
9015-20003
Ｆｏｒﾄﾖﾀ",0,無,0,無,demo,新規登録,"2020-09-14 15:10:00"
OL0010,1P02-14-302,Mazda,オイルエレメント,新品,府内13-3店舗小部屋,2020-09-14,1,"排気量
ﾄﾖﾀ1400D
2000、2000LPG
2400
2500、2500D
2700、2700LPG
3000
3300
3400",0,無,0,無,demo,新規登録,"2020-09-14 15:07:00"
OL0010,1P02-14-302,Mazda,オイルエレメント,新品,,2020-09-14,1,,0,無,0,無,demo,在庫管理データ削除処理,"2020-09-14 15:05:00"
OL0010,1P02-14-302,Mazda,オイルエレメント,新品,府内13-3店舗小部屋,2020-09-14,1,"排気量
ﾄﾖﾀ1400D
2000、2000LPG
2400
2500、2500D
2700、2700LPG
3000
3300
3400",0,無,0,無,demo,新規登録,"2020-09-14 15:05:00"
OL0010,1P02-14-302,Mazda,オイルエレメント,新品,府内13-3店舗小部屋,2020-09-14,1,,0,無,0,無,demo,新規登録,"2020-09-14 15:02:00"
OL0009,V9111-0027,?タクティー,オイルエレメント,新品,府内13-3店舗小部屋,2020-09-14,1,"三菱i(ｱｲ)3B20
ekｽﾎﾟｰﾂ、ekﾜｺﾞﾝ、ﾀｳﾝﾎﾞｯｸｽ、ﾄｯﾎﾟ、ﾐﾆｶ、ﾐﾆｷｬﾌﾞ3G83
日産ｵｯﾃｨ―、ｸﾘｯﾊﾟｰ3G83",0,無,0,無,demo,在庫管理修正処理,"2020-09-14 14:59:00"
OL0009,V9111-0027,?タクティー,オイルエレメント,新品,府内13-3店舗小部屋,2020-09-14,1,"三菱i(ｱｲ)3B20
ekｽﾎﾟｰﾂ、ekﾜｺﾞﾝ、ﾀｳﾝﾎﾞｯｸｽ、ﾄｯﾎﾟ、ﾐﾆｶ、ﾐﾆｷｬﾌﾞ3G83
日産ｵｯﾃｨ―、ｸﾘｯﾊﾟｰ3G83",0,無,0,無,demo,在庫管理修正処理,"2020-09-14 14:55:00"
OL0009,V9111-0027,?タクティー,オイルエレメント,新品,府内13-3店舗小部屋,2020-09-14,1,,0,無,0,無,demo,新規登録,"2020-09-14 14:52:00"
OL0008,AR-1002,マロニ産業?,オイルエレメント,新品,府内13-3店舗小部屋,2020-09-14,1,"ｽﾊﾞﾙ15208-KA000
15208-KA010
15208-KA011
日産15208-HA000
15208-HC431
15208-6A0A0
三菱MQ900436
ﾏﾂﾀﾞB6Y1-14-302
B6Y1-14-302A",0,無,0,無,demo,在庫管理修正処理,"2020-09-14 14:50:00"
OL0008,AR-1002,マロニ産業?,オイルエレメント,新品,府内13-3店舗小部屋,2020-09-14,1,,0,無,0,無,demo,新規登録,"2020-09-14 14:48:00"
OL0007,AT-126,マロニ産業?,オイルエレメント,新品,府内13-3店舗小部屋,0000-00-00,1,"ﾄﾖﾀ90915-2001
90915-20003
V911-0103
日野90915-20003",0,無,0,無,demo,新規登録,"2020-09-14 12:08:00"
OL0006,AG-1216,マロニ産業?,オイルエレメント,新品,府内13-3店舗小部屋,0000-00-00,1,"ﾎﾝﾀﾞ15400-PLC-003
15400-PLC-004
15400-PLM-A01
15400-PLMA02
15400-RTA-003
15400-RTA-004
ｲｽｽﾞ5-86019403-0",0,無,0,無,demo,新規登録,"2020-09-14 12:06:00"
OL0005,AS1102,マロニ産業?,オイルエレメント,新品,府内13-3店舗小部屋,0000-00-00,1,"ｽｽﾞｷ16510-81402
　16510-81403　
　　16510-82703　　
　　ﾄﾖﾀ15601-BZ010
　  　　   15601-97202
　　日産15208-4A0A0
　ﾏﾂﾀﾞAY01-14-300B
　　1A02-14-300C
ﾀﾞｲﾊﾂ15601-87703-000
　　15601-87202-000
ｽﾊﾞﾙ15601-97202",0,無,0,無,demo,在庫管理修正処理,"2020-09-14 12:03:00"
OL0005,AS1102,マロニ産業?,オイルエレメント,新品,府内13-3店舗小部屋,0000-00-00,1,"ｽｽﾞｷ16510-81402
　16510-81403　
　　16510-82703　　
　
　　ﾄﾖﾀ15601-BZ010
　  　　   15601-97202
　　日産15208-4A0A0
　ﾏﾂﾀﾞAY01-14-300B
　　1A02-14-300C
ﾀﾞｲﾊﾂ15601-87703-000
　　15601-87202-000
ｽﾊﾞﾙ15601-97202",0,無,0,無,demo,在庫管理修正処理,"2020-09-14 12:02:00"
OL0005,AS1102,マロニ産業?,オイルエレメント,新品,府内13-3店舗小部屋,0000-00-00,1,"ｽｽﾞｷ16510-81402
　16510-81403　
　　16510-82703　　
　
　　ﾄﾖﾀ15601-BZ010
　  　　   15601-97202
　　日産15208-4A0A0
　ﾏﾂﾀﾞAY01-14-300B
　　1A02-14-300C
ﾀﾞｲﾊﾂ15601-87703-000
　　15601-87202-000
ｽﾊﾞﾙ15601-97202",0,無,0,無,demo,在庫管理修正処理,"2020-09-14 12:00:00"
OL0005,AS1102,マロニ産業?,オイルエレメント,新品,府内13-3店舗小部屋,0000-00-00,1,"ｽｽﾞｷ16510-81402
　16510-81403　
　　16510-82703　　
　
　　  ﾄﾖﾀ15601-BZ010
　  　　   15601-97202
　　日産15208-4A0A0
　ﾏﾂﾀﾞAY01-14-300B
　　1A02-14-300C
ﾀﾞｲﾊﾂ15601-87703-000
　　15601-87202-000
ｽﾊﾞﾙ15601-97202",0,無,0,無,demo,在庫管理修正処理,"2020-09-14 12:00:00"
OL0005,AS1102,マロニ産業?,オイルエレメント,新品,府内13-3店舗小部屋,0000-00-00,1,"ｽｽﾞｷ16510-81402
　16510-81403　
　　16510-82703　　
　
　　    ﾄﾖﾀ15601-BZ010
　  　　   15601-97202
　　日産15208-4A0A0
　ﾏﾂﾀﾞAY01-14-300B
　　1A02-14-300C
ﾀﾞｲﾊﾂ15601-87703-000
　　15601-87202-000
ｽﾊﾞﾙ15601-97202",0,無,0,無,demo,在庫管理修正処理,"2020-09-14 12:00:00"
OL0005,AS1102,マロニ産業?,オイルエレメント,新品,府内13-3店舗小部屋,0000-00-00,1,"ｽｽﾞｷ16510-81402
　16510-81403　
　　16510-82703　
　　    ﾄﾖﾀ15601-BZ010
　  　　   15601-97202
　　日産15208-4A0A0
　ﾏﾂﾀﾞAY01-14-300B
　　1A02-14-300C
ﾀﾞｲﾊﾂ15601-87703-000
　　15601-87202-000
ｽﾊﾞﾙ15601-97202",0,無,0,無,demo,在庫管理修正処理,"2020-09-14 11:59:00"
OL0005,AS1102,マロニ産業?,オイルエレメント,新品,府内13-3店舗小部屋,0000-00-00,1,"ｽｽﾞｷ16510-81402
　16510-81403　
　　16510-82703
　　    ﾄﾖﾀ15601-BZ010
　  　　   15601-97202
　　日産15208-4A0A0
　ﾏﾂﾀﾞAY01-14-300B
　　1A02-14-300C
ﾀﾞｲﾊﾂ15601-87703-000
　　15601-87202-000
ｽﾊﾞﾙ15601-97202",0,無,0,無,demo,在庫管理修正処理,"2020-09-14 11:57:00"
OL0005,AS1102,マロニ産業?,オイルエレメント,新品,府内13-3店舗小部屋,0000-00-00,1,"ｽｽﾞｷ16510-81402
　16510-81403　
　　16510-82703
　　　      ﾄﾖﾀ15601-BZ010
　  　　   15601-97202
　　日産15208-4A0A0
　ﾏﾂﾀﾞAY01-14-300B
　　1A02-14-300C
ﾀﾞｲﾊﾂ15601-87703-000
　　15601-87202-000
ｽﾊﾞﾙ15601-97202",0,無,0,無,demo,在庫管理修正処理,"2020-09-14 11:57:00"
OL0005,AS1102,マロニ産業?,オイルエレメント,新品,府内13-3店舗小部屋,0000-00-00,1,"ｽｽﾞｷ16510-81402
　16510-81403　
　　16510-82703
　　　    ﾄﾖﾀ15601-BZ010
　  　　   15601-97202
　　日産15208-4A0A0
　ﾏﾂﾀﾞAY01-14-300B
　　1A02-14-300C
ﾀﾞｲﾊﾂ15601-87703-000
　　15601-87202-000
ｽﾊﾞﾙ15601-97202",0,無,0,無,demo,在庫管理修正処理,"2020-09-14 11:57:00"
OL0005,AS1102,マロニ産業?,オイルエレメント,新品,府内13-3店舗小部屋,0000-00-00,1,"ｽｽﾞｷ16510-81402
　16510-81403　
　　16510-82703
　　　  ﾄﾖﾀ15601-BZ010
　  　　   15601-97202
　　日産15208-4A0A0
　ﾏﾂﾀﾞAY01-14-300B
　　1A02-14-300C
ﾀﾞｲﾊﾂ15601-87703-000
　　15601-87202-000
ｽﾊﾞﾙ15601-97202",0,無,0,無,demo,在庫管理修正処理,"2020-09-14 11:57:00"
OL0005,AS1102,マロニ産業?,オイルエレメント,新品,府内13-3店舗小部屋,0000-00-00,1,"ｽｽﾞｷ16510-81402
　16510-81403　
　　16510-82703
　　　ﾄﾖﾀ15601-BZ010
　  　　   15601-97202
　　日産15208-4A0A0
　ﾏﾂﾀﾞAY01-14-300B
　　1A02-14-300C
ﾀﾞｲﾊﾂ15601-87703-000
　　15601-87202-000
ｽﾊﾞﾙ15601-97202",0,無,0,無,demo,在庫管理修正処理,"2020-09-14 11:56:00"
OL0005,AS1102,マロニ産業?,オイルエレメント,新品,府内13-3店舗小部屋,0000-00-00,1,"ｽｽﾞｷ16510-81402
　16510-81403　
　　16510-82703
　　　　　ﾄﾖﾀ15601-BZ010
　  　　   15601-97202
　　日産15208-4A0A0
　ﾏﾂﾀﾞAY01-14-300B
　　1A02-14-300C
ﾀﾞｲﾊﾂ15601-87703-000
　　15601-87202-000
ｽﾊﾞﾙ15601-97202",0,無,0,無,demo,在庫管理修正処理,"2020-09-14 11:56:00"
OL0005,AS1102,マロニ産業?,オイルエレメント,新品,府内13-3店舗小部屋,0000-00-00,1,"ｽｽﾞｷ16510-81402
　16510-81403　
　　16510-82703
　　　　ﾄﾖﾀ15601-BZ010
　  　　   15601-97202
　　日産15208-4A0A0
　ﾏﾂﾀﾞAY01-14-300B
　　1A02-14-300C
ﾀﾞｲﾊﾂ15601-87703-000
　　15601-87202-000
ｽﾊﾞﾙ15601-97202",0,無,0,無,demo,在庫管理修正処理,"2020-09-14 11:56:00"
OL0005,AS1102,マロニ産業?,オイルエレメント,新品,府内13-3店舗小部屋,0000-00-00,1,"ｽｽﾞｷ16510-81402
　16510-81403　
　　16510-82703
　　　　ﾄﾖﾀ15601-BZ010
　  　　   15601-97202
　日産15208-4A0A0
ﾏﾂﾀﾞAY01-14-300B
　　1A02-14-300C
ﾀﾞｲﾊﾂ15601-87703-000
　　15601-87202-000
ｽﾊﾞﾙ15601-97202",0,無,0,無,demo,在庫管理修正処理,"2020-09-14 11:56:00"
OL0005,AS1102,マロニ産業?,オイルエレメント,新品,府内13-3店舗小部屋,0000-00-00,1,"ｽｽﾞｷ16510-81402
　16510-81403　
　　16510-82703
　　　　ﾄﾖﾀ15601-BZ010
　  　　   15601-97202
日産15208-4A0A0
ﾏﾂﾀﾞAY01-14-300B
　　1A02-14-300C
ﾀﾞｲﾊﾂ15601-87703-000
　　15601-87202-000
ｽﾊﾞﾙ15601-97202",0,無,0,無,demo,在庫管理修正処理,"2020-09-14 11:55:00"
OL0005,AS1102,マロニ産業?,オイルエレメント,新品,府内13-3店舗小部屋,0000-00-00,1,"ｽｽﾞｷ16510-81402
　16510-81403　
　　16510-82703
　　　ﾄﾖﾀ15601-BZ010
　  　　   15601-97202
日産15208-4A0A0
ﾏﾂﾀﾞAY01-14-300B
　　1A02-14-300C
ﾀﾞｲﾊﾂ15601-87703-000
　　15601-87202-000
ｽﾊﾞﾙ15601-97202",0,無,0,無,demo,在庫管理修正処理,"2020-09-14 11:55:00"
OL0005,AS1102,マロニ産業?,オイルエレメント,新品,府内13-3店舗小部屋,0000-00-00,1,"ｽｽﾞｷ16510-81402
　16510-81403　
　　16510-82703
　　　　ﾄﾖﾀ15601-BZ010
　  　　   15601-97202
日産15208-4A0A0
ﾏﾂﾀﾞAY01-14-300B
　　1A02-14-300C
ﾀﾞｲﾊﾂ15601-87703-000
　　15601-87202-000
ｽﾊﾞﾙ15601-97202",0,無,0,無,demo,在庫管理修正処理,"2020-09-14 11:55:00"
OL0005,AS1102,マロニ産業?,オイルエレメント,新品,府内13-3店舗小部屋,0000-00-00,1,"ｽｽﾞｷ16510-81402
　16510-81403　
　　16510-82703
　　　　  ﾄﾖﾀ15601-BZ010
　  　　   15601-97202
日産15208-4A0A0
ﾏﾂﾀﾞAY01-14-300B
　　1A02-14-300C
ﾀﾞｲﾊﾂ15601-87703-000
　　15601-87202-000
ｽﾊﾞﾙ15601-97202",0,無,0,無,demo,在庫管理修正処理,"2020-09-14 11:54:00"
OL0005,AS1102,マロニ産業?,オイルエレメント,新品,府内13-3店舗小部屋,0000-00-00,1,"ｽｽﾞｷ16510-81402
　16510-81403　
　　16510-82703
　　　　 ﾄﾖﾀ15601-BZ010
　  　　   15601-97202
日産15208-4A0A0
ﾏﾂﾀﾞAY01-14-300B
　　1A02-14-300C
ﾀﾞｲﾊﾂ15601-87703-000
　　15601-87202-000
ｽﾊﾞﾙ15601-97202",0,無,0,無,demo,在庫管理修正処理,"2020-09-14 11:54:00"
OL0005,AS1102,マロニ産業?,オイルエレメント,新品,府内13-3店舗小部屋,0000-00-00,1,"ｽｽﾞｷ16510-81402
　16510-81403　
　　16510-82703
　　　　ﾄﾖﾀ15601-BZ010
　  　　   15601-97202
日産15208-4A0A0
ﾏﾂﾀﾞAY01-14-300B
　　1A02-14-300C
ﾀﾞｲﾊﾂ15601-87703-000
　　15601-87202-000
ｽﾊﾞﾙ15601-97202",0,無,0,無,demo,在庫管理修正処理,"2020-09-14 11:53:00"
OL0005,AS1102,マロニ産業?,オイルエレメント,新品,府内13-3店舗小部屋,0000-00-00,1,"ｽｽﾞｷ16510-81402
　16510-81403　
　　16510-82703
　　　　　ﾄﾖﾀ15601-BZ010
　  　　   15601-97202
日産15208-4A0A0
ﾏﾂﾀﾞAY01-14-300B
　　1A02-14-300C
ﾀﾞｲﾊﾂ15601-87703-000
　　15601-87202-000
ｽﾊﾞﾙ15601-97202",0,無,0,無,demo,在庫管理修正処理,"2020-09-14 11:53:00"
OL0005,AS1102,マロニ産業?,オイルエレメント,新品,府内13-3店舗小部屋,0000-00-00,1,"ｽｽﾞｷ16510-81402
　16510-81403　
　　16510-82703
　　　ﾄﾖﾀ15601-BZ010
　  　　   15601-97202
日産15208-4A0A0
ﾏﾂﾀﾞAY01-14-300B
　　1A02-14-300C
ﾀﾞｲﾊﾂ15601-87703-000
　　15601-87202-000
ｽﾊﾞﾙ15601-97202",0,無,0,無,demo,在庫管理修正処理,"2020-09-14 11:53:00"
OL0005,AS1102,マロニ産業?,オイルエレメント,新品,府内13-3店舗小部屋,0000-00-00,1,"ｽｽﾞｷ16510-81402
　16510-81403　
　　16510-82703
　　ﾄﾖﾀ15601-BZ010
　  　　   15601-97202
日産15208-4A0A0
ﾏﾂﾀﾞAY01-14-300B
　　1A02-14-300C
ﾀﾞｲﾊﾂ15601-87703-000
　　15601-87202-000
ｽﾊﾞﾙ15601-97202",0,無,0,無,demo,在庫管理修正処理,"2020-09-14 11:53:00"
OL0005,AS1102,マロニ産業?,オイルエレメント,新品,府内13-3店舗小部屋,0000-00-00,1,"ｽｽﾞｷ16510-81402
　16510-81403　
　　16510-82703
　 ﾄﾖﾀ15601-BZ010
　  　　   15601-97202
日産15208-4A0A0
ﾏﾂﾀﾞAY01-14-300B
　　1A02-14-300C
ﾀﾞｲﾊﾂ15601-87703-000
　　15601-87202-000
ｽﾊﾞﾙ15601-97202",0,無,0,無,demo,在庫管理修正処理,"2020-09-14 11:52:00"
OL0005,AS1102,マロニ産業?,オイルエレメント,新品,府内13-3店舗小部屋,0000-00-00,1,"ｽｽﾞｷ16510-81402
　16510-81403　
　　16510-82703  
  　 　 ﾄﾖﾀ15601-BZ010
　  　　   15601-97202
日産15208-4A0A0
ﾏﾂﾀﾞAY01-14-300B
　　1A02-14-300C
ﾀﾞｲﾊﾂ15601-87703-000
　　15601-87202-000
ｽﾊﾞﾙ15601-97202",0,無,0,無,demo,在庫管理修正処理,"2020-09-14 11:52:00"
OL0005,AS1102,マロニ産業?,オイルエレメント,新品,府内13-3店舗小部屋,0000-00-00,1,"ｽｽﾞｷ16510-81402
  16510-81403　
　　16510-82703  
  　 　 ﾄﾖﾀ15601-BZ010
　  　　   15601-97202
日産15208-4A0A0
ﾏﾂﾀﾞAY01-14-300B
　　1A02-14-300C
ﾀﾞｲﾊﾂ15601-87703-000
　　15601-87202-000
ｽﾊﾞﾙ15601-97202",0,無,0,無,demo,在庫管理修正処理,"2020-09-14 11:52:00"
OL0005,AS1102,マロニ産業?,オイルエレメント,新品,府内13-3店舗小部屋,0000-00-00,1,"ｽｽﾞｷ16510-81402
16510-81403　
　　16510-82703  
  　 　 ﾄﾖﾀ15601-BZ010
　  　　   15601-97202
日産15208-4A0A0
ﾏﾂﾀﾞAY01-14-300B
　　1A02-14-300C
ﾀﾞｲﾊﾂ15601-87703-000
　　15601-87202-000
ｽﾊﾞﾙ15601-97202",0,無,0,無,demo,在庫管理修正処理,"2020-09-14 11:51:00"
OL0005,AS1102,マロニ産業?,オイルエレメント,新品,府内13-3店舗小部屋,0000-00-00,1,"ｽｽﾞｷ16510-81402　
　　16510-81403　
　　16510-82703  
  　 　 ﾄﾖﾀ15601-BZ010
　  　　   15601-97202
日産15208-4A0A0
ﾏﾂﾀﾞAY01-14-300B
　　1A02-14-300C
ﾀﾞｲﾊﾂ15601-87703-000
　　15601-87202-000
ｽﾊﾞﾙ15601-97202",0,無,0,無,demo,在庫管理修正処理,"2020-09-14 11:51:00"
OL0005,AS1102,マロニ産業?,オイルエレメント,新品,府内13-3店舗小部屋,0000-00-00,1,"ｽｽﾞｷ16510-81402　
　　16510-81403　
　　16510-82703  
  　 　 ﾄﾖﾀ15601-BZ010
　  　　  15601-97202
日産15208-4A0A0
ﾏﾂﾀﾞAY01-14-300B
　　1A02-14-300C
ﾀﾞｲﾊﾂ15601-87703-000
　　15601-87202-000
ｽﾊﾞﾙ15601-97202",0,無,0,無,demo,在庫管理修正処理,"2020-09-14 11:48:00"
OL0005,AS1102,マロニ産業?,オイルエレメント,新品,府内13-3店舗小部屋,0000-00-00,1,"ｽｽﾞｷ16510-81402　
　　16510-81403　
　　16510-82703  
  　 　 ﾄﾖﾀ15601-BZ010
　  　　15601-97202
日産15208-4A0A0
ﾏﾂﾀﾞAY01-14-300B
　　1A02-14-300C
ﾀﾞｲﾊﾂ15601-87703-000
　　15601-87202-000
ｽﾊﾞﾙ15601-97202",0,無,0,無,demo,在庫管理修正処理,"2020-09-14 11:47:00"
OL0005,AS1102,マロニ産業?,オイルエレメント,新品,府内13-3店舗小部屋,0000-00-00,1,"ｽｽﾞｷ16510-81402　
　　16510-81403　
　　16510-82703  
  　 　 ﾄﾖﾀ15601-BZ010
　  　　　15601-97202
日産15208-4A0A0
ﾏﾂﾀﾞAY01-14-300B
　　1A02-14-300C
ﾀﾞｲﾊﾂ15601-87703-000
　　15601-87202-000
ｽﾊﾞﾙ15601-97202",0,無,0,無,demo,在庫管理修正処理,"2020-09-14 11:47:00"
OL0005,AS1102,マロニ産業?,オイルエレメント,新品,府内13-3店舗小部屋,0000-00-00,1,"ｽｽﾞｷ16510-81402　
　　16510-81403　
　　16510-82703  
  　 　 ﾄﾖﾀ15601-BZ010
　  　　15601-97202
日産15208-4A0A0
ﾏﾂﾀﾞAY01-14-300B
　　1A02-14-300C
ﾀﾞｲﾊﾂ15601-87703-000
　　15601-87202-000
ｽﾊﾞﾙ15601-97202",0,無,0,無,demo,在庫管理修正処理,"2020-09-14 11:46:00"
OL0005,AS1102,マロニ産業?,オイルエレメント,新品,府内13-3店舗小部屋,0000-00-00,1,"ｽｽﾞｷ16510-81402　
　　16510-81403　
　　16510-82703  
  　 　 ﾄﾖﾀ15601-BZ010
　  　15601-97202
日産15208-4A0A0
ﾏﾂﾀﾞAY01-14-300B
　　1A02-14-300C
ﾀﾞｲﾊﾂ15601-87703-000
　　15601-87202-000
ｽﾊﾞﾙ15601-97202",0,無,0,無,demo,在庫管理修正処理,"2020-09-14 11:46:00"
OL0005,AS1102,マロニ産業?,オイルエレメント,新品,府内13-3店舗小部屋,0000-00-00,1,"ｽｽﾞｷ16510-81402　
　　16510-81403　
　　16510-82703  
  　 　 ﾄﾖﾀ15601-BZ010
　  　　　15601-97202
日産15208-4A0A0
ﾏﾂﾀﾞAY01-14-300B
　　1A02-14-300C
ﾀﾞｲﾊﾂ15601-87703-000
　　15601-87202-000
ｽﾊﾞﾙ15601-97202",0,無,0,無,demo,在庫管理修正処理,"2020-09-14 11:46:00"
OL0005,AS1102,マロニ産業?,オイルエレメント,新品,府内13-3店舗小部屋,0000-00-00,1,"ｽｽﾞｷ16510-81402　
　　16510-81403　
　　16510-82703  
  　 　 ﾄﾖﾀ15601-BZ010
　  　　15601-97202
日産15208-4A0A0
ﾏﾂﾀﾞAY01-14-300B
　　1A02-14-300C
ﾀﾞｲﾊﾂ15601-87703-000
　　15601-87202-000
ｽﾊﾞﾙ15601-97202",0,無,0,無,demo,在庫管理修正処理,"2020-09-14 11:45:00"
OL0005,AS1102,マロニ産業?,オイルエレメント,新品,府内13-3店舗小部屋,0000-00-00,1,"ｽｽﾞｷ16510-81402　
　　16510-81403　
　　16510-82703  
  　 　 ﾄﾖﾀ15601-BZ010
　  　15601-97202
日産15208-4A0A0
ﾏﾂﾀﾞAY01-14-300B
　　1A02-14-300C
ﾀﾞｲﾊﾂ15601-87703-000
　　15601-87202-000
ｽﾊﾞﾙ15601-97202",0,無,0,無,demo,在庫管理修正処理,"2020-09-14 11:45:00"
OL0005,AS1102,マロニ産業?,オイルエレメント,新品,府内13-3店舗小部屋,0000-00-00,1,"ｽｽﾞｷ16510-81402　
　　16510-81403　
　　16510-82703  
  　 　 ﾄﾖﾀ15601-BZ010
　　15601-97202
日産15208-4A0A0
ﾏﾂﾀﾞAY01-14-300B
　　1A02-14-300C
ﾀﾞｲﾊﾂ15601-87703-000
　　15601-87202-000
ｽﾊﾞﾙ15601-97202",0,無,0,無,demo,在庫管理修正処理,"2020-09-14 11:45:00"
OL0005,AS1102,マロニ産業?,オイルエレメント,新品,府内13-3店舗小部屋,0000-00-00,1,"ｽｽﾞｷ16510-81402　
　　16510-81403　
　　16510-82703  
  　 　ﾄﾖﾀ15601-BZ010
　　15601-97202
日産15208-4A0A0
ﾏﾂﾀﾞAY01-14-300B
　　1A02-14-300C
ﾀﾞｲﾊﾂ15601-87703-000
　　15601-87202-000
ｽﾊﾞﾙ15601-97202",0,無,0,無,demo,在庫管理修正処理,"2020-09-14 11:44:00"
OL0005,AS1102,マロニ産業?,オイルエレメント,新品,府内13-3店舗小部屋,0000-00-00,1,"ｽｽﾞｷ16510-81402　
　　16510-81403　
　　16510-82703  
  　 ﾄﾖﾀ15601-BZ010
　　15601-97202
日産15208-4A0A0
ﾏﾂﾀﾞAY01-14-300B
　　1A02-14-300C
ﾀﾞｲﾊﾂ15601-87703-000
　　15601-87202-000
ｽﾊﾞﾙ15601-97202",0,無,0,無,demo,在庫管理修正処理,"2020-09-14 11:44:00"
OL0005,AS1102,マロニ産業?,オイルエレメント,新品,府内13-3店舗小部屋,0000-00-00,1,"ｽｽﾞｷ16510-81402　
　　16510-81403　
　　16510-82703  
    ﾄﾖﾀ15601-BZ010
　　15601-97202
日産15208-4A0A0
ﾏﾂﾀﾞAY01-14-300B
　　1A02-14-300C
ﾀﾞｲﾊﾂ15601-87703-000
　　15601-87202-000
ｽﾊﾞﾙ15601-97202",0,無,0,無,demo,在庫管理修正処理,"2020-09-14 11:44:00"
OL0005,AS1102,マロニ産業?,オイルエレメント,新品,府内13-3店舗小部屋,0000-00-00,1,"ｽｽﾞｷ16510-81402　
　　16510-81403　
　　16510-82703  
  ﾄﾖﾀ15601-BZ010
　　15601-97202
日産15208-4A0A0
ﾏﾂﾀﾞAY01-14-300B
　　1A02-14-300C
ﾀﾞｲﾊﾂ15601-87703-000
　　15601-87202-000
ｽﾊﾞﾙ15601-97202",0,無,0,無,demo,在庫管理修正処理,"2020-09-14 11:44:00"
OL0005,AS1102,マロニ産業?,オイルエレメント,新品,府内13-3店舗小部屋,0000-00-00,1,"ｽｽﾞｷ16510-81402　
　　16510-81403　
　　16510-82703  
ﾄﾖﾀ15601-BZ010
　　15601-97202
日産15208-4A0A0
ﾏﾂﾀﾞAY01-14-300B
　　1A02-14-300C
ﾀﾞｲﾊﾂ15601-87703-000
　　15601-87202-000
ｽﾊﾞﾙ15601-97202",0,無,0,無,demo,在庫管理修正処理,"2020-09-14 11:43:00"
OL0005,AS1102,マロニ産業?,オイルエレメント,新品,府内13-3店舗小部屋,0000-00-00,1,"ｽｽﾞｷ16510-81402　
　　16510-81403　
　　16510-82703
ﾄﾖﾀ15601-BZ010
　　15601-97202
日産15208-4A0A0
ﾏﾂﾀﾞAY01-14-300B
　　1A02-14-300C
ﾀﾞｲﾊﾂ15601-87703-000
　　15601-87202-000
ｽﾊﾞﾙ15601-97202",0,無,0,無,demo,在庫管理修正処理,"2020-09-14 11:43:00"
OL0005,AS1102,マロニ産業?,オイルエレメント,新品,府内13-3店舗小部屋,0000-00-00,1,"ｽｽﾞｷ16510-81402　
　　16510-81403　
　　16510-82703  　
  ﾄﾖﾀ15601-BZ010
　　15601-97202
日産15208-4A0A0
ﾏﾂﾀﾞAY01-14-300B
　　1A02-14-300C
ﾀﾞｲﾊﾂ15601-87703-000
　　15601-87202-000
ｽﾊﾞﾙ15601-97202",0,無,0,無,demo,在庫管理修正処理,"2020-09-14 11:43:00"
OL0005,AS1102,マロニ産業?,オイルエレメント,新品,府内13-3店舗小部屋,0000-00-00,1,"ｽｽﾞｷ16510-81402　
　　16510-81403　
　　16510-82703  　
ﾄﾖﾀ15601-BZ010
　　15601-97202
日産15208-4A0A0
ﾏﾂﾀﾞAY01-14-300B
　　1A02-14-300C
ﾀﾞｲﾊﾂ15601-87703-000
　　15601-87202-000
ｽﾊﾞﾙ15601-97202",0,無,0,無,demo,在庫管理修正処理,"2020-09-14 11:42:00"
OL0005,AS1102,マロニ産業?,オイルエレメント,新品,府内13-3店舗小部屋,0000-00-00,1,"ｽｽﾞｷ16510-81402　
　　16510-81403　
　　16510-82703　
ﾄﾖﾀ15601-BZ010
　　15601-97202
日産15208-4A0A0
ﾏﾂﾀﾞAY01-14-300B
　　1A02-14-300C
ﾀﾞｲﾊﾂ15601-87703-000
　　15601-87202-000
ｽﾊﾞﾙ15601-97202",0,無,0,無,demo,在庫管理修正処理,"2020-09-14 11:42:00"
OL0005,AS1102,マロニ産業?,オイルエレメント,新品,府内13-3店舗小部屋,0000-00-00,1,"ｽｽﾞｷ16510-81402　
　　16510-81403　
　　16510-82703　
　ﾄﾖﾀ15601-BZ010
　　15601-97202
日産15208-4A0A0
ﾏﾂﾀﾞAY01-14-300B
　　1A02-14-300C
ﾀﾞｲﾊﾂ15601-87703-000
　　15601-87202-000
ｽﾊﾞﾙ15601-97202",0,無,0,無,demo,在庫管理修正処理,"2020-09-14 11:42:00"
OL0005,AS1102,マロニ産業?,オイルエレメント,新品,府内13-3店舗小部屋,0000-00-00,1,"ｽｽﾞｷ16510-81402　
　　16510-81403　
　　16510-82703　
　　ﾄﾖﾀ15601-BZ010
　　15601-97202
日産15208-4A0A0
ﾏﾂﾀﾞAY01-14-300B
　　1A02-14-300C
ﾀﾞｲﾊﾂ15601-87703-000
　　15601-87202-000
ｽﾊﾞﾙ15601-97202",0,無,0,無,demo,在庫管理修正処理,"2020-09-14 11:41:00"
OL0005,AS1102,マロニ産業?,オイルエレメント,新品,府内13-3店舗小部屋,0000-00-00,1,"ｽｽﾞｷ16510-81402　
　　16510-81403　
　　16510-82703　
　ﾄﾖﾀ15601-BZ010
　　15601-97202
日産15208-4A0A0
ﾏﾂﾀﾞAY01-14-300B
　　1A02-14-300C
ﾀﾞｲﾊﾂ15601-87703-000
　　15601-87202-000
ｽﾊﾞﾙ15601-97202",0,無,0,無,demo,在庫管理修正処理,"2020-09-14 11:41:00"
OL0005,AS1102,マロニ産業?,オイルエレメント,新品,府内13-3店舗小部屋,0000-00-00,1,"ｽｽﾞｷ16510-81402　
　　16510-81403　
　　16510-82703　
ﾄﾖﾀ15601-BZ010
　　15601-97202
日産15208-4A0A0
ﾏﾂﾀﾞAY01-14-300B
　　1A02-14-300C
ﾀﾞｲﾊﾂ15601-87703-000
　　15601-87202-000
ｽﾊﾞﾙ15601-97202",0,無,0,無,demo,在庫管理修正処理,"2020-09-14 11:41:00"
OL0005,AS1102,マロニ産業?,オイルエレメント,新品,府内13-3店舗小部屋,0000-00-00,1,"ｽｽﾞｷ16510-81402　
　　16510-81403　
　　16510-82703
ﾄﾖﾀ15601-BZ010
　　15601-97202
日産15208-4A0A0
ﾏﾂﾀﾞAY01-14-300B
　　1A02-14-300C
ﾀﾞｲﾊﾂ15601-87703-000
　　15601-87202-000
ｽﾊﾞﾙ15601-97202",0,無,0,無,demo,在庫管理修正処理,"2020-09-14 11:40:00"
OL0005,AS1102,マロニ産業?,オイルエレメント,新品,府内13-3店舗小部屋,0000-00-00,1,"ｽｽﾞｷ16510-81402　
　　16510-81403
　　16510-82703
ﾄﾖﾀ15601-BZ010
　　15601-97202
日産15208-4A0A0
ﾏﾂﾀﾞAY01-14-300B
　　1A02-14-300C
ﾀﾞｲﾊﾂ15601-87703-000
　　15601-87202-000
ｽﾊﾞﾙ15601-97202",0,無,0,無,demo,在庫管理修正処理,"2020-09-14 11:40:00"
OL0005,AS1102,マロニ産業?,オイルエレメント,新品,府内13-3店舗小部屋,0000-00-00,1,"ｽｽﾞｷ16510-81402
　　16510-81403
　　16510-82703
ﾄﾖﾀ15601-BZ010
　　15601-97202
日産15208-4A0A0
ﾏﾂﾀﾞAY01-14-300B
　　1A02-14-300C
ﾀﾞｲﾊﾂ15601-87703-000
　　15601-87202-000
ｽﾊﾞﾙ15601-97202",0,無,0,無,demo,新規登録,"2020-09-14 11:39:00"
OL0003,15601-BW010,DAIHATSU,オイルエレメント,新品,府内13-3店舗小部屋,0000-00-00,30,,0,無,0,無,demo,在庫管理修正処理,"2020-09-14 11:20:00"
OL0003,15601-BW010,DAIHATSU,オイルエレメント,新品,府内13-3店舗小部屋,0000-00-00,30,,0,無,0,無,demo,新規登録,"2020-09-14 11:19:00"
OL0004,16510-81403-87703,DAIHATSU,オイルエレメント,新品,府内13-3店舗小部屋,0000-00-00,1,,0,無,0,無,demo,新規登録,"2020-09-14 11:18:00"
OL0002,16510-84MAO,SUZUKI,オイルエレメント,新品,府内13-3店舗小部屋,0000-00-00,4,,0,無,0,無,demo,新規登録,"2020-09-14 10:58:00"
OL0001,16510-81420,SUZUKI,オイルエレメント,新品,府内13-3店舗小部屋,0000-00-00,2,,0,無,0,無,demo,在庫管理修正処理,"2020-09-14 10:57:00"
OL0001,16510-81420,SUZUKI,ボタン電池,新品,府内13-3店舗小部屋,0000-00-00,2,,0,無,0,無,demo,新規登録,"2020-09-14 10:55:00"
BD0008,CR1216,Panasonic,ボタン電池,新品,府内13-3事務所内,0000-00-00,3,,0,無,500,外,demo,新規登録,"2020-09-14 10:20:00"
BD0006,CR1220,モノタロウ,ボタン電池,新品,府内13-3事務所内,0000-00-00,2,,0,無,500,外,demo,新規登録,"2020-09-14 10:01:00"
BD0003,CR1632,オーム電機,ボタン電池,新品,府内13-3事務所内,0000-00-00,5,,0,無,500,外,demo,在庫管理修正処理,"2020-09-14 09:59:00"
BD0002,CR2025,"ソニー",ボタン電池,新品,府内13-3事務所内,0000-00-00,10,,0,無,500,外,demo,在庫管理修正処理,"2020-09-14 09:59:00"
BD0001,CR2032,Panasonic,ボタン電池,新品,府内13-3事務所内,0000-00-00,10,,0,無,500,外,demo,在庫管理修正処理,"2020-09-14 09:59:00"
BD0004,CR1620,Panasonic,ボタン電池,新品,府内13-3事務所内,0000-00-00,8,,0,無,500,外,demo,在庫管理修正処理,"2020-09-14 09:59:00"
BD0005,CR1616,モノタロウ,ボタン電池,新品,府内13-3事務所内,0000-00-00,2,,0,無,500,外,demo,新規登録,"2020-09-14 09:58:00"
BD0004,CR1620,Panasonic,ボタン電池,新品,府内13-3事務所内,0000-00-00,8,,0,無,500,無,demo,新規登録,"2020-09-14 09:56:00"
BD0003,CR1632,オーム電機,ボタン電池,新品,府内13-3事務所内,0000-00-00,5,,0,無,500,無,demo,在庫管理修正処理,"2020-09-14 09:51:00"
BD0002,CR2025,"ソニー",ボタン電池,新品,府内13-3事務所内,0000-00-00,10,,0,無,500,無,demo,在庫管理修正処理,"2020-09-14 09:50:00"
BD0001,CR2032,Panasonic,ボタン電池,新品,府内13-3事務所内,0000-00-00,10,,0,無,500,無,demo,在庫管理修正処理,"2020-09-14 09:49:00"
BD0003,ＣＲ632,オーム電機,ボタン電池,新品,府内13-3事務所内,0000-00-00,5,,0,無,500,無,demo,新規登録,"2020-09-14 09:48:00"
BD0001,CR2032,Panasonic,ボタン電池,新品,府内13-3事務所内,0000-00-00,10,,0,無,500,無,demo,在庫管理修正処理,"2020-09-14 09:41:00"
BD0002,CR2025,"ソニー",ボタン電池,新品,府内13-3事務所内,0000-00-00,10,,0,無,500,無,demo,新規登録,"2020-09-14 09:41:00"
BD0001,2032,Panasonic,ボタン電池,新品,府内13-3事務所内,0000-00-00,10,,0,無,500,無,demo,在庫管理修正処理,"2020-09-14 09:35:00"
BD0001,2032,Panasonic,ボタン電池,新品,府内13-3事務所内,0000-00-00,10,,0,無,500,無,demo,在庫管理修正処理,"2020-09-14 09:32:00"
BD0001,2032,Panasonic,ボタン電池,新品,府内13-3事務所内,0000-00-00,10,,0,無,0,無,yfujita,新規登録,"2020-09-14 09:29:00"
BD0001,2032,Panasonic,ボタン電池,新品,,0000-00-00,10,,0,無,500,無,demo,在庫管理データ削除処理,"2020-09-14 09:18:00"
BD0001,2032,Panasonic,ボタン電池,新品,府内13-3事務所内,0000-00-00,10,,0,無,500,無,yfujita,新規登録,"2020-09-14 09:15:00"
AT0002,"レオニスLV 20インチ-8.5J IN52",WEDS,外品ホイル,中古,入庫待ち,0000-00-00,1,未走行　中古品　4本セット,46000,無,68000,無,demo,在庫管理修正処理,"2020-09-14 00:18:00"
AT00001,ビシュヌ！8Ｊ9Ｊ245/40,クレンツェ,タイヤ/アルミセット,中古,入庫待ち,0000-00-00,1,バリ山！エスティマアルファードヴェルファイアクラウンフーガスカイライン等,47500,無,75900,無,kfujita,新規登録,"2020-09-14 00:16:00"
B0001,S34B20R,ACDelco,バッテリー,中古,府内13-3府内店舗小部屋,0000-00-00,1,,0,無,2000,無,demo,在庫管理修正処理,"2020-09-13 22:51:00"
